policyholder_id,first_name,last_name,date_of_birth,gender,state_code,city,occupation,registration_date
1,César,Alvarado,1987-12-12,M,TAMS,San Óscar de la Montaña,chofer,2022-12-05
2,Darío,Canales,1984-03-13,M,YUC,Vieja Argentina,medico,2020-03-17
3,Alicia,Cabán,1987-04-27,F,CHIH,Nueva Pakistán,farmaceutico,2023-04-22
4,Raquel,Amador,1972-02-07,F,VER,Vieja Estados Unidos de América,obrero,2022-01-01
5,Marcela,Villalpando,1981-07-30,F,JAL,San Adalberto de la Montaña,veterinario,2021-06-01
6,Manuel,Molina,1961-03-05,M,CAM,San Jacinto de la Montaña,agricultor,2019-07-21
7,Ilse,Canales,1990-07-30,F,QROO,Vieja Botswana,empresario,2020-08-29
8,Isabel,Montañez,1967-05-30,F,TLAX,San Benjamín los altos,estudiante,2019-05-29
9,María Cristina,Terán,1988-03-01,F,MEX,Vieja Benin,contador,2023-07-24
10,Rodolfo,Lozada,1952-03-11,M,PUE,San Mitzy de la Montaña,contador,2022-04-13
11,Virginia,Barrios,1986-07-08,F,GTO,Nueva Guyana,estudiante,2021-03-14
12,Angélica,Gonzales,1968-03-10,F,CDMX,Vieja Guinea,arquitecto,2019-06-17
13,Mauro,Nava,1956-05-29,M,CDMX,Vieja Jordania,arquitecto,2023-02-13
14,Diana,Jaramillo,1982-11-06,F,SON,Nueva Portugal,chofer,2024-08-23
15,Elvira,Dávila,1984-05-03,F,SON,San Caridad los bajos,servidor_publico,2019-08-02
16,Rodrigo,Gaona,1989-06-16,M,DGO,San César de la Montaña,obrero,2024-01-19
17,Alejandro,Mata,1983-06-21,M,CDMX,San René de la Montaña,abogado,2022-10-27
18,Dolores,Valverde,1950-05-29,F,OAX,San Manuel los altos,farmaceutico,2023-10-13
19,Pablo,Ortiz,1984-07-30,M,MEX,San Hugo los bajos,farmaceutico,2020-08-30
20,Carlota,Gurule,1977-11-24,F,CHIH,San Natalia los bajos,abogado,2019-03-23
21,Serafín,Ozuna,1982-10-12,M,NAY,San Mario de la Montaña,arquitecto,2022-12-05
22,Pedro,Salcido,1987-07-05,M,MOR,Nueva Burkina Faso,empresario,2022-06-13
23,Elias,Crespo,1977-06-06,M,BC,San Norma de la Montaña,servidor_publico,2023-10-09
24,Juan Carlos,Olivárez,1971-06-08,M,JAL,San Lourdes los bajos,profesor,2024-11-24
25,Nelly,Alba,1991-11-02,F,BCS,Vieja Somalia,profesor,2019-03-18
26,Indira,Carrasco,1963-10-29,F,OAX,San Elvia de la Montaña,comerciante,2024-07-04
27,Mauro,Acosta,1977-04-29,M,OAX,San Jaqueline de la Montaña,farmaceutico,2022-01-11
28,Patricio,Caraballo,1969-12-12,M,CDMX,San Silvia los altos,veterinario,2021-07-05
29,Uriel,Farías,1951-02-28,M,PUE,Vieja Costa Rica,medico,2019-08-21
30,Natalia,Tamez,1972-08-31,F,MEX,Vieja Noruega,contador,2023-04-21
31,Aida,Carrasco,1957-07-04,F,JAL,San Víctor de la Montaña,programador,2021-12-26
32,Andrés,Guajardo,1968-09-14,M,NL,Nueva Vanuatu,servidor_publico,2020-06-07
33,Mariana,Barrientos,1967-10-07,F,CHIH,Nueva Sudán del Sur,medico,2024-10-04
34,Nicolás,Ulloa,1997-02-24,M,PUE,Vieja Polonia,mecanico,2021-03-13
35,Uriel,Piña,1963-01-25,M,SLP,Nueva Tuvalu,estudiante,2023-08-03
36,Jacinto,Ozuna,1985-02-25,M,DGO,San Emilia los altos,chofer,2023-09-26
37,Mauricio,Casárez,1954-10-08,M,JAL,Nueva Barbados,mecanico,2021-09-06
38,Ilse,Alonso,1959-12-16,F,NAY,Nueva Albania,servidor_publico,2023-05-01
39,Anel,Bahena,1958-09-14,F,QROO,Nueva Argentina,electricista,2021-10-12
40,Jesús,Batista,1985-04-12,M,NL,Vieja Suriname,chofer,2022-12-24
41,Omar,Gallegos,1978-08-26,M,CHIS,Vieja Finlandia,empresario,2019-07-27
42,María José,Palomo,1970-05-30,F,MEX,Nueva Botswana,ingeniero,2023-09-21
43,Marcos,Moreno,1966-03-14,M,CHIS,San Dalia los bajos,abogado,2022-12-19
44,Amador,Calvillo,1978-10-28,M,VER,Vieja Uzbekistán,contador,2023-10-06
45,Ilse,Cardona,1978-07-02,F,NL,Nueva Ecuador,servidor_publico,2021-09-06
46,René,Rangel,1951-03-01,M,MEX,Vieja Djibouti,estudiante,2019-11-29
47,Homero,Ríos,1988-05-18,M,MEX,Nueva México,medico,2019-05-23
48,Nayeli,Calvillo,1974-01-28,F,NAY,Nueva Bosnia y Herzegovina,mecanico,2021-08-25
49,Elsa,de la Crúz,1973-03-26,F,GTO,San Indira los bajos,comerciante,2023-11-06
50,Dolores,Pacheco,1975-07-18,F,BC,Nueva Letonia,chofer,2024-02-06
51,Abel,Orellana,1990-07-06,M,CHIH,San Eugenia los bajos,electricista,2019-01-22
52,Manuel,Valadez,1977-03-06,M,PUE,San Jacinto de la Montaña,abogado,2020-11-22
53,Ignacio,Gamboa,1963-10-27,M,PUE,Nueva Zambia,programador,2020-06-18
54,Graciela,Báez,1987-09-09,F,VER,Vieja Países Bajos,abogado,2020-12-03
55,Mónica,Cotto,1961-04-27,F,MOR,Nueva Dominicana,ingeniero,2020-06-02
56,Andrea,Yáñez,1968-03-18,F,SIN,Nueva Luxemburgo,veterinario,2020-11-10
57,Bianca,Vargas,1965-07-30,F,DGO,Nueva San Vicente y las Granadinas,estudiante,2020-03-20
58,Angélica,Perea,1975-04-09,F,VER,San Ramiro de la Montaña,comerciante,2024-06-07
59,Jacobo,Griego,1958-02-09,M,JAL,San Citlali de la Montaña,ingeniero,2022-03-14
60,Susana,Macías,1998-08-23,F,QRO,San Abigail de la Montaña,electricista,2019-11-29
61,Adela,Reynoso,1993-09-01,F,MEX,Nueva Qatar,electricista,2020-05-04
62,Fidel,Santillán,1965-07-08,M,OAX,San Guillermo los bajos,farmaceutico,2019-02-18
63,Armando,Guevara,1968-05-06,M,QRO,San Rufino de la Montaña,medico,2024-04-26
64,Mario,Tórrez,1962-11-25,M,COAH,San Perla los altos,mecanico,2019-01-12
65,Raúl,Aguilera,1956-01-22,M,CHIH,San Victoria de la Montaña,veterinario,2019-05-29
66,Carla,Jaime,1958-10-29,F,TAMS,Nueva Yemen,agricultor,2021-03-15
67,Rodolfo,Cortés,1959-09-01,M,SLP,San Rubén los altos,servidor_publico,2020-09-06
68,Fernando,Montalvo,1997-08-21,M,CHIH,Vieja Pakistán,enfermero,2021-12-30
69,Marisela,Heredia,1950-09-24,F,CHIH,Nueva Sierra Leona,profesor,2020-01-18
70,Manuel,Lebrón,1983-03-26,M,MEX,Nueva Islas Salomón,abogado,2024-10-25
71,Caridad,Iglesias,1984-01-17,F,CDMX,Vieja República Checa,agricultor,2023-08-07
72,Virginia,Ponce,1989-06-04,F,QRO,Nueva Belice,actuario,2019-02-25
73,Vanesa,Córdova,1956-06-19,F,VER,Vieja República Popular Democrática de Corea,abogado,2021-08-08
74,Rodolfo,Cordero,1969-07-08,M,MEX,San Gonzalo de la Montaña,servidor_publico,2024-11-03
75,Georgina,Nava,1982-07-04,F,DGO,Vieja Eslovaquia,estudiante,2020-11-18
76,Trinidad,Haro,1995-05-03,F,MOR,Vieja República de Macedonia del Norte,ingeniero,2021-12-30
77,Lucas,Correa,1981-02-03,M,CHIH,Nueva Dinamarca,abogado,2024-01-18
78,Lilia,Alvarado,1970-07-28,F,NL,Vieja Malasia,estudiante,2019-01-15
79,Gerónimo,Jaramillo,1995-09-27,M,MEX,Nueva Letonia,veterinario,2023-06-07
80,Alta  Gracia,Rodrígez,1988-06-23,F,CHIH,Nueva Montenegro,ingeniero,2024-01-31
81,Jos,Magaña,1990-08-31,M,COAH,Nueva Arabia Saudita,farmaceutico,2020-07-03
82,Evelio,Ozuna,1976-01-15,M,TAMS,San Rodrigo de la Montaña,empresario,2023-08-05
83,Eugenia,Montoya,1979-08-01,F,GRO,San Magdalena los bajos,chofer,2020-09-27
84,Alicia,Carrillo,1970-11-26,F,TAMS,San José Carlos los altos,programador,2019-09-07
85,Guillermo,Arellano,1972-04-10,M,COAH,Vieja Jamaica,profesor,2022-03-09
86,Graciela,Pulido,1986-07-31,F,CHIH,Vieja República Dominicana,veterinario,2024-01-18
87,Cynthia,Hernández,1953-04-22,F,CHIH,Vieja Afganistán,agricultor,2021-11-08
88,Ramiro,Tijerina,1990-06-06,M,CHIH,Vieja Marruecos,servidor_publico,2020-11-29
89,Andrea,Menéndez,1995-02-23,F,DGO,San Victoria de la Montaña,contador,2022-08-05
90,Yuridia,Macías,1957-07-27,F,BC,San Virginia los bajos,abogado,2021-09-25
91,Helena,Padrón,1952-10-04,F,BCS,San María Luisa de la Montaña,contador,2020-03-03
92,Evelio,Peres,1978-12-30,M,HGO,San Zoé los altos,programador,2022-02-05
93,Concepción,Varela,1965-08-14,F,TLAX,San Cristal los altos,enfermero,2024-11-27
94,Abigail,Maestas,1991-09-23,F,CDMX,San Luis Miguel los bajos,ingeniero,2022-03-22
95,Pamela,Zepeda,1961-08-22,F,NAY,San Gabriela los bajos,profesor,2020-05-14
96,Magdalena,Gallardo,1970-06-07,F,GRO,San Jonás los altos,ingeniero,2020-09-10
97,Antonia,Limón,1975-09-11,F,TAB,San Esteban de la Montaña,abogado,2024-05-12
98,Jacinto,Garza,1952-08-04,M,CHIS,Nueva Arabia Saudita,mecanico,2021-06-04
99,Amanda,Guevara,1991-05-11,F,ZAC,San Paulina de la Montaña,mecanico,2023-10-22
100,Mauro,Pedroza,1989-04-28,M,NL,Vieja Nueva Zelandia,farmaceutico,2022-06-23
101,Laura,Guerrero,1988-03-12,F,MICH,Nueva Zimbabwe,abogado,2023-06-08
102,Carlos,Pizarro,1975-03-25,M,MEX,Nueva Trinidad y Tabago,electricista,2024-10-20
103,Minerva,Rivera,1968-11-26,F,COL,Nueva Camboya,empresario,2023-02-13
104,Mauro,Cepeda,1956-11-21,M,JAL,San Virginia los altos,arquitecto,2021-08-08
105,Noemí,Yáñez,1961-06-08,F,GRO,San Esparta los altos,obrero,2021-01-11
106,Yuridia,Santana,1966-01-31,F,PUE,San María Elena los bajos,obrero,2021-08-09
107,Eloy,Roldán,1964-08-01,M,VER,San Rafaél de la Montaña,mecanico,2023-10-04
108,Sandra,Lebrón,1973-08-06,F,MICH,San Rosalia de la Montaña,servidor_publico,2023-08-16
109,Esther,Quiñónez,1991-08-08,F,SIN,Vieja Fiji,programador,2021-12-08
110,Estela,Meza,1976-02-19,F,DGO,San Margarita de la Montaña,empresario,2023-08-07
111,Darío,Corona,1986-01-13,M,PUE,Vieja Tonga,profesor,2019-03-19
112,Cecilia,Gallegos,1992-03-12,F,NL,Vieja Madagascar,abogado,2024-07-07
113,Hermelinda,Torres,1954-09-14,F,CHIS,San Débora de la Montaña,actuario,2022-09-25
114,Delia,Peres,1995-11-18,F,YUC,San Natalia los altos,abogado,2023-05-05
115,Agustín,Velásquez,1989-04-07,M,SLP,San Helena de la Montaña,agricultor,2021-06-10
116,Irma,Lugo,1988-12-25,F,COL,San Diana los altos,mecanico,2024-08-03
117,Natividad,Zavala,1978-12-11,F,NL,Vieja Estados Unidos de América,medico,2019-04-20
118,Héctor,Pulido,1958-06-08,M,NAY,San Andrés los bajos,agricultor,2019-10-11
119,Jonás,Palacios,1972-11-12,M,QROO,Vieja Camerún,enfermero,2023-01-28
120,Rosalia,Tejeda,1989-03-09,F,NL,Vieja Rumania,arquitecto,2022-02-08
121,Rubén,Amador,1995-08-26,M,CHIH,Vieja Chad,abogado,2024-01-27
122,María del Carmen,Echeverría,1954-05-05,F,JAL,Vieja Letonia,programador,2021-12-06
123,Helena,Galarza,1987-12-19,F,GTO,San Aldonza los bajos,programador,2020-04-01
124,Juana,Ledesma,1994-01-15,F,COL,San Patricio de la Montaña,farmaceutico,2023-11-27
125,María Eugenia,Almaraz,1967-11-18,F,CHIH,Vieja Estonia,servidor_publico,2022-03-12
126,Silvia,Barrientos,1957-04-14,F,JAL,Nueva Francia,mecanico,2019-07-09
127,Débora,Almonte,1968-10-26,F,MOR,Nueva Camerún,actuario,2019-10-08
128,María José,Carrero,1995-11-21,F,MEX,Vieja Túnez,farmaceutico,2021-03-01
129,Gonzalo,Negrete,1968-06-23,M,PUE,Nueva Costa Rica,estudiante,2022-11-30
130,Gloria,Cardenas,1996-08-17,F,TAB,Vieja República Dominicana,abogado,2021-07-17
131,Teresa,Núñez,1981-03-30,F,NL,San Leonardo de la Montaña,abogado,2019-09-27
132,Silvano,Guerra,1983-08-24,M,JAL,Vieja Timor-Leste,ingeniero,2022-04-08
133,Pilar,Casárez,1990-06-20,F,MEX,Vieja Portugal,comerciante,2021-08-03
134,Marco Antonio,Nevárez,1971-09-16,M,VER,Vieja Andorra,servidor_publico,2019-01-27
135,Linda,Saiz,1988-04-22,F,ZAC,Vieja Kenya,abogado,2022-04-09
136,Maximiliano,Corral,1993-02-06,M,TAB,San José los altos,comerciante,2023-02-09
137,Ramiro,Jimínez,1955-04-05,M,OAX,San Gabriela los bajos,estudiante,2022-12-30
138,Silvano,Jasso,1981-11-19,M,VER,San Óscar de la Montaña,medico,2022-09-28
139,Eugenia,Raya,1951-06-20,F,CHIH,Vieja República Democrática del Congo,profesor,2020-06-23
140,Reina,Ojeda,1988-02-01,F,VER,San Andrés los bajos,contador,2023-11-07
141,Jerónimo,Echeverría,1982-03-09,M,AGS,San Manuel los bajos,ingeniero,2024-06-16
142,Gregorio,Molina,1952-07-29,M,SIN,San Norma los altos,empresario,2023-12-03
143,Esther,Valadez,1961-09-23,F,BCS,Nueva Bhután,veterinario,2020-09-22
144,Elvia,Palomo,1989-04-09,F,SLP,San María Teresa de la Montaña,mecanico,2024-10-23
145,Vanesa,Rolón,1984-03-26,F,BC,San Estela de la Montaña,veterinario,2023-12-03
146,Bernabé,Lozano,1959-12-06,M,MEX,Vieja Tonga,abogado,2019-09-07
147,Elvira,Malave,1986-07-16,F,TAB,San Guadalupe los altos,empresario,2022-04-16
148,Raúl,Montañez,1957-08-25,M,CDMX,San María Eugenia los bajos,actuario,2023-11-18
149,José,Rendón,1963-04-22,M,ZAC,San Vicente los bajos,actuario,2019-08-08
150,Eloisa,Casárez,1979-12-30,F,NL,Vieja Cabo Verde,medico,2022-01-21
151,René,Escalante,1952-02-14,M,PUE,Nueva Vietman,electricista,2020-04-25
152,Óliver,Lebrón,1958-07-11,M,CDMX,San Felipe de la Montaña,medico,2021-03-24
153,Ignacio,Gaytán,1998-01-14,M,SLP,San José Carlos los bajos,arquitecto,2022-07-21
154,Adalberto,Tejeda,1981-03-18,M,CHIH,Vieja Austria,agricultor,2024-03-27
155,Amador,Uribe,1996-05-16,M,NAY,San Gilberto los altos,servidor_publico,2022-04-01
156,Marisela,Candelaria,1984-04-25,F,VER,Vieja Namibia,empresario,2020-07-18
157,Octavio,Quintana,1957-04-25,M,JAL,San José Luis de la Montaña,enfermero,2021-10-08
158,Esmeralda,Romo,1973-04-07,F,CHIH,Nueva Lituania,abogado,2019-10-11
159,Marisela,Benavides,1963-08-31,F,JAL,Nueva Colombia,servidor_publico,2019-07-24
160,Norma,Maestas,1979-12-20,F,JAL,Nueva Cabo Verde,empresario,2021-05-28
161,Rodrigo,Peña,1970-01-24,M,NL,Vieja Mónaco,profesor,2024-01-16
162,Magdalena,Luevano,1965-07-28,F,JAL,San Vicente los altos,ingeniero,2024-07-10
163,Wilfrido,Balderas,1973-04-07,M,NAY,Nueva Serbia,profesor,2019-11-21
164,Fidel,Jaime,1977-10-02,M,OAX,Nueva Filipinas,actuario,2022-07-16
165,Concepción,Urías,1981-12-30,F,SLP,Nueva Afganistán,servidor_publico,2022-09-13
166,Lucas,Raya,1976-12-08,M,NL,San Serafín de la Montaña,chofer,2020-03-07
167,Eloisa,Lomeli,1967-09-16,F,QRO,San Eugenia de la Montaña,enfermero,2024-10-09
168,Úrsula,González,1993-06-15,F,MEX,San Rosalia los altos,mecanico,2019-10-09
169,Soledad,Fajardo,1975-07-11,F,GTO,San Gabino los altos,farmaceutico,2020-08-12
170,Elena,Córdova,1991-01-20,F,CHIH,San Horacio de la Montaña,arquitecto,2021-04-21
171,Ángel,de Jesús,1953-07-29,M,BCS,San Noemí los altos,veterinario,2024-03-18
172,Rufino,Lomeli,1963-10-16,M,CDMX,San Gerónimo los bajos,servidor_publico,2022-05-24
173,Vanesa,Maestas,1965-06-02,F,AGS,San Ricardo los altos,actuario,2019-05-26
174,Reynaldo,Salcido,1990-07-21,M,GRO,San Emiliano los altos,electricista,2023-03-28
175,Amalia,Preciado,1957-07-27,F,CHIH,San Pamela los bajos,empresario,2020-06-08
176,Aldonza,Bustos,1967-12-01,F,ZAC,Nueva Swazilandia,estudiante,2022-01-04
177,Gustavo,Velázquez,1987-11-09,M,PUE,Nueva Namibia,servidor_publico,2021-07-19
178,Rafaél,Quintanilla,1984-08-03,M,NL,San José Eduardo los altos,obrero,2023-07-09
179,Mariano,Salazar,1950-07-28,M,MICH,Vieja Japón,profesor,2023-01-19
180,Lucas,Merino,1958-01-24,M,TAB,San Yeni de la Montaña,contador,2023-04-09
181,Citlali,Mendoza,1998-06-26,F,TAB,San Isabela los bajos,agricultor,2024-09-30
182,Soledad,Pacheco,1998-07-17,F,JAL,Vieja Bolivia,abogado,2022-11-27
183,Graciela,Hernádez,1969-04-09,F,QROO,San Gabriel los bajos,medico,2020-12-21
184,Porfirio,Abreu,1971-04-16,M,CHIH,San Daniela de la Montaña,arquitecto,2021-11-17
185,Eugenio,Sisneros,1958-11-28,M,BCS,San Rocío los bajos,mecanico,2020-06-19
186,Rosario,Quintanilla,1961-06-13,F,MEX,Nueva Granada,comerciante,2020-02-27
187,Nayeli,Ceja,1978-10-07,F,CHIS,San Emilia los altos,arquitecto,2023-05-05
188,Omar,Casas,1961-12-24,M,NL,Nueva Turquía,veterinario,2024-01-17
189,Celia,Márquez,1981-11-01,F,QROO,Vieja Bosnia y Herzegovina,programador,2021-06-10
190,Elena,Carrera,1952-11-22,F,MICH,San Genaro los altos,obrero,2023-05-09
191,Cecilia,Samaniego,1966-08-15,F,MEX,San Julia los altos,veterinario,2024-08-03
192,Estela,Pelayo,1987-09-08,F,MEX,San Graciela de la Montaña,electricista,2023-02-19
193,Mauro,Ureña,1994-08-03,M,TAB,Vieja Ecuador,agricultor,2020-10-30
194,Timoteo,Sauceda,1966-09-22,M,MICH,Nueva Guatemala,arquitecto,2022-07-01
195,Liliana,Molina,1955-03-10,F,VER,San Abelardo los bajos,obrero,2019-02-18
196,Zoé,Lugo,1980-12-09,F,GTO,San Isaac los bajos,contador,2021-05-08
197,René,Roybal,1959-06-07,M,VER,San Alta  Gracia los altos,ingeniero,2020-07-22
198,Natividad,Ocasio,1971-12-30,F,NL,San Adriana de la Montaña,servidor_publico,2021-07-10
199,Victoria,Griego,1950-05-28,F,PUE,San Miguel Ángel los bajos,comerciante,2021-06-29
200,Amanda,Matías,1981-01-30,F,NL,San Carla los bajos,estudiante,2023-04-13
201,Soledad,Coronado,1973-06-06,F,VER,San Arturo de la Montaña,farmaceutico,2024-11-28
202,Martha,Villanueva,1985-05-04,F,SLP,San Felipe los bajos,estudiante,2020-09-16
203,Bruno,Sotelo,1992-06-29,M,QRO,San Aldo los altos,abogado,2019-06-12
204,Carmen,Parra,1971-08-07,F,OAX,Nueva Namibia,agricultor,2022-11-25
205,Guillermo,Mireles,1997-07-16,M,DGO,San Susana de la Montaña,estudiante,2019-08-24
206,Hermelinda,Tejeda,1985-12-23,F,GTO,San Abril los altos,actuario,2024-10-28
207,Omar,Toro,1956-02-11,M,SLP,Nueva Fiji,ingeniero,2020-10-14
208,Ruby,Loera,1974-01-10,F,MEX,Nueva Mauricio,estudiante,2024-04-02
209,Bruno,Camarillo,1997-12-08,M,SIN,San Joaquín los altos,chofer,2020-06-14
210,Frida,Anaya,1954-03-15,F,SIN,Vieja Bahrein,agricultor,2020-05-01
211,Ignacio,Muñoz,1995-05-01,M,BC,San Eloisa de la Montaña,veterinario,2021-09-01
212,Germán,Tamez,1968-04-19,M,CHIH,San Martha los altos,ingeniero,2024-09-20
213,Cristal,de la Rosa,1983-02-12,F,SLP,Nueva Santa Lucía,actuario,2023-07-30
214,Juan,Guajardo,1992-06-05,M,SIN,San Nancy de la Montaña,actuario,2023-06-10
215,Gabriel,Riojas,1952-06-11,M,NL,San Florencia los bajos,profesor,2024-06-12
216,Abraham,Rivero,1992-01-26,M,MEX,San Zoé los altos,ingeniero,2021-08-30
217,Eloy,Benavides,1983-03-19,M,JAL,San Ana María los altos,ingeniero,2022-03-09
218,Frida,Pineda,1993-11-27,F,COAH,San Eva los bajos,programador,2022-08-31
219,Federico,Olivo,1991-10-22,M,TAB,San Fidel de la Montaña,servidor_publico,2022-02-23
220,Juana,Vázquez,1964-09-07,F,JAL,San Miriam los bajos,agricultor,2023-04-05
221,Ignacio,Alonzo,1963-07-04,M,CDMX,San Roberto de la Montaña,electricista,2022-04-19
222,Norma,Arroyo,1954-03-14,F,PUE,San Salvador de la Montaña,servidor_publico,2023-01-19
223,Uriel,Mora,1989-08-02,M,GTO,Nueva San Vicente y las Granadinas,estudiante,2022-03-15
224,Esmeralda,Chapa,1970-01-09,F,NAY,Nueva Indonesia,abogado,2022-03-16
225,Mario,Aponte,1998-11-24,M,NL,San Guillermo de la Montaña,actuario,2024-02-19
226,Ignacio,Mena,1969-04-05,M,MEX,San Jos de la Montaña,mecanico,2021-12-22
227,Cristobal,Tirado,1956-08-17,M,CAM,San Lucía los altos,obrero,2019-08-14
228,Héctor,de Anda,1959-12-09,M,JAL,San Hilda los bajos,ingeniero,2022-05-01
229,Ilse,Carrero,1981-02-13,F,JAL,San Eduardo de la Montaña,servidor_publico,2024-04-14
230,Elena,Osorio,1997-01-07,F,MICH,San Espartaco los bajos,farmaceutico,2024-10-10
231,Adriana,Jaime,1963-12-25,F,COAH,Vieja Kiribati,electricista,2021-01-29
232,Tania,Iglesias,1965-12-24,F,MICH,San Sessa los bajos,mecanico,2024-05-06
233,Barbara,González,1986-05-26,F,OAX,San Alvaro los altos,agricultor,2020-04-17
234,Rolando,Menchaca,1964-09-15,M,GTO,Nueva Sierra Leona,profesor,2024-02-17
235,Miguel,Madrid,1957-08-29,M,DGO,San Gabriel de la Montaña,electricista,2021-01-30
236,Alonso,Archuleta,1977-07-17,M,SLP,San Isabel de la Montaña,farmaceutico,2020-07-03
237,Ariadna,Gollum,1971-07-07,F,ZAC,Vieja Mongolia,arquitecto,2024-03-02
238,Ivonne,Toledo,1983-01-30,F,VER,San Natividad los altos,veterinario,2020-07-14
239,Elias,Pedroza,1988-08-12,M,MOR,Vieja Santo Tomé y Príncipe,contador,2021-10-27
240,Lucas,Lemus,1955-01-14,M,VER,Vieja España,programador,2021-07-25
241,Magdalena,Rael,1975-02-26,F,BC,Vieja Brasil,chofer,2024-08-10
242,Úrsula,Nazario,1997-01-17,F,BC,San Cornelio los bajos,abogado,2023-06-09
243,Hernán,Espinal,1962-02-05,M,JAL,Vieja Bosnia y Herzegovina,medico,2022-06-08
244,Fidel,Zambrano,1975-04-27,M,BCS,Nueva Islas Salomón,servidor_publico,2023-09-29
245,Elvira,Castillo,1955-07-07,F,BCS,Nueva República Checa,obrero,2022-10-25
246,Diana,Villa,1984-03-27,F,GTO,Nueva Islas Marshall,profesor,2021-09-11
247,Diego,Ybarra,1969-05-07,M,AGS,Vieja Chipre,chofer,2020-05-20
248,Cristobal,Toledo,1955-07-15,M,AGS,San Jos de la Montaña,electricista,2021-06-28
249,Alberto,Ceja,1974-12-07,M,GTO,Vieja Fiji,arquitecto,2020-08-25
250,Sergio,Mejía,1971-03-03,M,TAB,Nueva Ghana,farmaceutico,2022-04-23
251,Ana,Castro,1962-10-18,F,COAH,San Lorena de la Montaña,servidor_publico,2020-05-17
252,Anabel,Rolón,1973-07-18,F,CDMX,San Ariadna los altos,programador,2024-03-07
253,Paulina,Cardona,1966-03-30,F,BCS,San Josefina de la Montaña,mecanico,2020-06-25
254,Víctor,Armas,1972-08-11,M,CHIH,San Fabiola los altos,actuario,2024-03-08
255,Alicia,Ballesteros,1952-05-14,F,VER,San Concepción los bajos,abogado,2020-11-30
256,Carlos,Salas,1950-07-02,M,BC,San Diego de la Montaña,contador,2024-08-06
257,Javier,Zúñiga,1955-06-19,M,COAH,Nueva Camerún,empresario,2023-03-29
258,Hernán,Vigil,1977-12-02,M,TAB,San Carla los altos,agricultor,2020-05-20
259,Raúl,Lozano,1950-04-12,M,NL,San Juana los altos,electricista,2020-09-07
260,Marcos,Camacho,1958-01-06,M,TAMS,Nueva Marruecos,farmaceutico,2024-05-19
261,Mauricio,Gil,1962-07-01,M,JAL,San Amelia los bajos,mecanico,2020-06-28
262,Laura,Pelayo,1979-08-06,F,GRO,Vieja Malta,estudiante,2024-06-16
263,Graciela,Herrera,1989-11-13,F,SIN,San Iván los altos,servidor_publico,2019-11-22
264,Nicolás,Barrera,1979-06-19,M,JAL,Nueva Bosnia y Herzegovina,profesor,2020-10-11
265,Lucía,Caldera,1965-08-08,F,BC,San Gregorio los altos,medico,2023-12-10
266,Ana María,Villa,1967-01-06,F,CHIH,San Yeni de la Montaña,ingeniero,2021-04-20
267,Lilia,Moreno,1985-07-23,F,QRO,San Camilo los bajos,actuario,2024-01-27
268,Pilar,Marrero,1965-07-30,F,NL,San Fernando los altos,electricista,2019-09-30
269,Patricio,Galindo,1956-03-21,M,PUE,Vieja Estonia,abogado,2023-08-29
270,Carlos,Montez,1958-07-08,M,ZAC,San Gabino los bajos,enfermero,2023-10-08
271,Salvador,Gastélum,1950-03-30,M,ZAC,San Marisol los altos,ingeniero,2024-07-18
272,Rocío,Valdés,1978-09-04,F,VER,Vieja Argelia,abogado,2021-04-30
273,Espartaco,Laboy,1993-02-27,M,NL,San Amelia los bajos,enfermero,2021-06-28
274,Abelardo,Durán,1963-06-05,M,NL,Vieja Belarús,medico,2023-05-01
275,David,Angulo,1964-06-24,M,TAB,Nueva Lesotho,programador,2021-01-22
276,Luis Miguel,Rendón,1950-12-08,M,COAH,San Jacobo los bajos,agricultor,2019-04-24
277,Gloria,Meléndez,1992-11-03,F,NL,Nueva Comoras,comerciante,2024-01-14
278,Eloy,Arroyo,1977-02-25,M,PUE,Vieja México,obrero,2022-02-25
279,Soledad,Pineda,1985-08-03,F,QROO,San Paola los bajos,agricultor,2023-07-31
280,Liliana,Laboy,1998-03-16,F,MEX,Nueva Jamaica,chofer,2019-11-25
281,Lucía,Carranza,1950-08-29,F,MEX,San Noelia los bajos,farmaceutico,2019-03-19
282,Ramón,Manzanares,1970-01-09,M,TLAX,Nueva Liechtenstein,medico,2024-08-21
283,Pilar,Baca,1969-05-23,F,CHIH,Nueva Hungría,programador,2019-12-17
284,Fidel,Chapa,1997-02-18,M,CDMX,San Santiago los bajos,contador,2020-08-04
285,Bianca,Aguilar,1992-02-10,F,CDMX,San Eloisa de la Montaña,mecanico,2024-11-25
286,Cristobal,Olivares,1973-01-19,M,TLAX,Vieja Bélgica,actuario,2024-04-12
287,Karla,Arias,1968-08-10,F,QRO,San Alfonso los bajos,enfermero,2021-06-24
288,Ángela,Marroquín,1985-11-07,F,NAY,San Minerva los bajos,farmaceutico,2022-03-16
289,Luis Manuel,Longoria,1955-03-04,M,TAMS,Vieja Antigua y Barbuda,mecanico,2023-09-03
290,Helena,de la Torre,1989-02-16,F,CDMX,San Ariadna de la Montaña,medico,2022-01-07
291,Mariano,Caraballo,1986-06-18,M,ZAC,Vieja República Unida de Tanzanía,ingeniero,2021-09-26
292,Laura,Soria,1968-07-07,F,TLAX,Vieja Indonesia,actuario,2023-10-31
293,Ilse,García,1969-05-16,F,NL,San Jonás de la Montaña,servidor_publico,2022-10-05
294,Mercedes,Carrera,1978-07-01,F,NL,Vieja Japón,chofer,2021-04-23
295,Sessa,Cordero,1995-11-08,F,CDMX,Nueva Chipre,arquitecto,2022-01-10
296,Gonzalo,Fajardo,1968-07-08,M,CHIH,Nueva Sudán,obrero,2021-03-06
297,Augusto,Díaz,1958-01-09,M,GTO,San Frida los altos,programador,2020-11-05
298,Santiago,Rangel,1996-10-22,M,CHIS,San Rosario los bajos,profesor,2023-05-14
299,Eduardo,Quiñónez,1986-12-12,M,DGO,Vieja México,electricista,2022-07-04
300,Israel,Laureano,1959-12-11,M,MICH,Vieja Pakistán,contador,2024-11-08
301,Arturo,Marín,1972-12-26,M,BCS,San Esther de la Montaña,comerciante,2021-09-23
302,Andrés,Negrete,1973-08-16,M,OAX,San Elias los altos,estudiante,2019-07-16
303,Arcelia,Villegas,1974-04-24,F,COL,San Francisca los altos,abogado,2024-04-20
304,Rodolfo,Arguello,1964-06-25,M,TLAX,San Micaela los altos,farmaceutico,2020-11-16
305,Cynthia,Medina,1994-03-14,F,ZAC,San Jaqueline de la Montaña,estudiante,2019-08-19
306,Ángel,Raya,1996-09-18,M,CHIH,Vieja Tuvalu,medico,2022-07-14
307,Antonia,Santana,1964-12-15,F,CHIS,Nueva Francia,agricultor,2020-05-02
308,Wendolin,Quezada,1991-06-19,F,MOR,San Linda los altos,empresario,2023-06-17
309,Reina,Covarrubias,1958-02-21,F,CHIH,San Berta los bajos,comerciante,2019-06-29
310,Julio,Paredes,1991-10-07,M,QRO,San Ofelia de la Montaña,agricultor,2021-04-01
311,Ruby,Mesa,1964-07-17,F,JAL,Vieja Botswana,obrero,2024-02-02
312,Rodrigo,Olvera,1987-04-07,M,CDMX,San Patricio los altos,farmaceutico,2019-03-08
313,Sofía,Zavala,1996-02-26,F,VER,Vieja Benin,abogado,2021-06-14
314,Paola,Cisneros,1954-12-18,F,TAB,San Wilfrido los altos,comerciante,2021-04-23
315,Victoria,Orosco,1958-11-02,F,JAL,Nueva Indonesia,chofer,2022-11-27
316,Rolando,Ocampo,1962-01-21,M,TAB,San Gonzalo los altos,actuario,2024-04-10
317,Violeta,Soto,1992-11-15,F,MICH,Vieja Palau,servidor_publico,2023-06-26
318,Isabela,Almanza,1962-03-18,F,CHIH,San Wilfrido de la Montaña,profesor,2020-12-31
319,Fidel,Mondragón,1996-01-30,M,SLP,San Juan Carlos de la Montaña,electricista,2019-06-12
320,Darío,Correa,1975-05-25,M,MICH,Vieja Brasil,arquitecto,2020-09-10
321,Patricio,Tirado,1976-04-28,M,CHIH,Vieja San Vicente y las Granadinas,chofer,2023-12-15
322,Cristobal,Zambrano,1956-03-14,M,MEX,San Iván de la Montaña,estudiante,2020-02-05
323,Cristal,de Jesús,1996-09-22,F,MOR,San Benjamín los bajos,contador,2019-11-18
324,Itzel,Granados,1960-03-21,F,BC,San Paulina los bajos,comerciante,2019-12-27
325,Mateo,González,1955-11-15,M,GTO,Vieja Namibia,mecanico,2019-12-11
326,Dalia,Nazario,1979-10-29,F,JAL,San Francisca los bajos,arquitecto,2019-06-07
327,Juana,Sandoval,1976-02-04,F,ZAC,San Javier de la Montaña,contador,2022-12-18
328,Tomás,Chavarría,1990-02-13,M,MEX,San Camilo los altos,actuario,2023-11-26
329,María Teresa,Nieto,1957-07-14,F,GTO,Nueva Guinea Bissau,mecanico,2023-12-22
330,Antonia,Cruz,1952-07-02,F,SIN,San Estela los altos,servidor_publico,2024-08-04
331,Carolina,Quesada,1980-07-16,F,SIN,Nueva Mónaco,farmaceutico,2019-04-29
332,Irene,Amador,1960-06-05,F,JAL,San Carlos los bajos,mecanico,2020-04-06
333,Pascual,Niño,1981-05-04,M,ZAC,Vieja Benin,ingeniero,2023-07-11
334,José Manuél,Garrido,1963-10-21,M,JAL,Vieja Brasil,medico,2024-04-08
335,Yeni,Meza,1956-05-13,F,NL,Nueva Armenia,contador,2021-08-09
336,Hugo,Rodríquez,1969-04-15,M,GTO,Vieja Micronesia,mecanico,2019-12-02
337,Víctor,Adame,1985-08-10,M,OAX,Nueva Gambia,arquitecto,2023-04-27
338,Dulce,Cornejo,1979-06-01,F,VER,San Francisco los bajos,arquitecto,2019-06-09
339,Elsa,Madera,1966-10-30,F,PUE,Nueva Filipinas,contador,2022-05-03
340,Linda,Reyna,1991-06-23,F,JAL,Nueva Omán,ingeniero,2022-07-03
341,Teodoro,Tello,1993-10-02,M,ZAC,Nueva Ucrania,actuario,2023-06-25
342,David,Lovato,1976-01-26,M,GTO,San Abel los altos,programador,2023-07-05
343,José,Guajardo,1996-06-12,M,QRO,San José Manuél los altos,obrero,2023-04-16
344,Benito,Soria,1969-10-15,M,PUE,San Daniel los altos,agricultor,2024-05-14
345,Natividad,Sarabia,1974-12-20,F,JAL,Vieja Namibia,mecanico,2023-05-09
346,Alonso,Ontiveros,1981-09-25,M,JAL,San Patricio los altos,servidor_publico,2021-06-01
347,Adán,Munguía,1971-08-06,M,CHIS,Vieja Filipinas,abogado,2020-07-20
348,Zeferino,Cano,1982-09-25,M,OAX,San Gustavo de la Montaña,programador,2019-10-15
349,José,Treviño,1951-01-06,M,CDMX,San Sofía de la Montaña,servidor_publico,2024-04-29
350,Miguel,Roque,1988-02-26,M,COAH,Nueva Barbados,electricista,2024-08-21
351,Yolanda,Reyna,1982-10-02,F,DGO,Vieja Emiratos Árabes Unidos,abogado,2020-01-13
352,Amanda,Feliciano,1956-11-01,F,PUE,Vieja Indonesia,comerciante,2020-09-06
353,Micaela,Otero,1994-08-17,F,MOR,San Patricio de la Montaña,profesor,2023-06-14
354,Sessa,Espino,1984-05-24,F,NL,San Antonia de la Montaña,estudiante,2023-08-13
355,Socorro,Meraz,1962-07-16,F,GTO,San Gerónimo los bajos,empresario,2020-11-05
356,Luisa,Pabón,1997-11-06,F,PUE,San Carmen los bajos,obrero,2022-02-12
357,Cristina,Salgado,1951-03-09,F,TLAX,San Barbara los altos,chofer,2022-03-28
358,Estela,Borrego,1979-12-06,F,VER,San Eloy los bajos,chofer,2021-03-05
359,Raquel,Dueñas,1991-11-13,F,MOR,San Adriana de la Montaña,servidor_publico,2020-12-20
360,Angélica,Menchaca,1974-01-12,F,GTO,San Vicente los bajos,empresario,2021-08-28
361,Raquel,Polanco,1962-01-02,F,VER,Vieja Japón,mecanico,2021-06-01
362,Mateo,Arias,1991-05-06,M,QRO,San Pilar los bajos,estudiante,2024-08-13
363,Esther,Báez,1987-06-29,F,MEX,Vieja Kirguistán,farmaceutico,2020-05-26
364,Micaela,Crespo,1972-05-26,F,NL,Nueva San Marino,profesor,2023-03-15
365,Teresa,Quezada,1964-03-19,F,NL,Nueva Belarús,comerciante,2020-10-31
366,Genaro,Navarro,1970-02-14,M,SON,San Carlota los altos,profesor,2020-09-19
367,Alejandro,Zedillo,1992-03-10,M,AGS,Vieja Kiribati,contador,2022-06-05
368,José Manuél,Quiroz,1966-07-05,M,TAB,Nueva Polonia,farmaceutico,2021-09-23
369,José Emilio,Otero,1956-10-27,M,CHIH,San Susana los bajos,farmaceutico,2023-03-15
370,Gerónimo,Carrera,1969-02-23,M,CDMX,Nueva Omán,estudiante,2021-09-14
371,Minerva,Ontiveros,1957-08-02,F,NL,Vieja Georgia,chofer,2019-02-27
372,Virginia,Ramírez,1995-09-24,F,CAM,Vieja Tonga,estudiante,2020-09-26
373,Marisela,Feliciano,1956-10-21,F,COL,Nueva Bélgica,farmaceutico,2022-07-14
374,Mauricio,de León,1993-05-18,M,CHIH,San Eric los altos,programador,2020-05-05
375,Guadalupe,Montenegro,1990-10-25,F,JAL,Vieja Honduras,contador,2022-06-15
376,Celia,Delgado,1977-02-01,F,PUE,San Julia de la Montaña,enfermero,2020-06-18
377,Blanca,Fernández,1982-01-03,F,ZAC,Nueva Nueva Zelandia,estudiante,2019-01-03
378,Alberto,Muro,1975-05-04,M,PUE,San Georgina los altos,medico,2019-08-21
379,Cristobal,Briseño,1997-11-15,M,MEX,Vieja Liechtenstein,servidor_publico,2020-12-03
380,Octavio,Sotelo,1970-11-06,M,PUE,San Cynthia los altos,medico,2020-04-05
381,Anel,Castillo,1967-05-08,F,SON,San Socorro de la Montaña,farmaceutico,2020-12-10
382,Margarita,Robledo,1990-04-06,F,GTO,San Gonzalo los altos,chofer,2024-08-14
383,Sergio,Echeverría,1986-09-19,M,MEX,Vieja Países Bajos,veterinario,2023-04-16
384,Andrés,Castellanos,1993-10-11,M,TLAX,Vieja Côte d'Ivoire,abogado,2020-08-09
385,Citlali,Medrano,1954-10-02,F,MICH,Vieja Papua Nueva Guinea,contador,2020-12-15
386,Horacio,Berríos,1953-05-09,M,AGS,San Julio César los altos,medico,2022-01-22
387,Rodolfo,Laureano,1971-05-31,M,BC,Vieja Santo Tomé y Príncipe,farmaceutico,2024-02-08
388,Renato,Cabán,1981-12-27,M,CDMX,Nueva Croacia,veterinario,2023-06-25
389,Zacarías,Zedillo,1957-03-28,M,SON,San Marisol de la Montaña,electricista,2019-05-23
390,Alicia,Bonilla,1976-06-09,F,CHIS,Vieja Sudáfrica,veterinario,2021-09-23
391,Fernando,Vázquez,1969-05-13,M,COL,San Rebeca los altos,actuario,2022-04-10
392,Aldo,Salinas,1986-11-21,M,QROO,San Socorro los bajos,enfermero,2020-03-17
393,María Teresa,Guevara,1972-10-20,F,CDMX,San Teodoro los bajos,obrero,2020-11-08
394,Anel,Balderas,1960-04-02,F,CHIH,Vieja Malawi,farmaceutico,2022-11-22
395,María Teresa,Rivera,1954-04-04,F,CDMX,Vieja San Marino,contador,2021-01-09
396,David,Marroquín,1990-05-10,M,ZAC,San Ana María los bajos,obrero,2019-05-14
397,Caridad,Nevárez,1956-10-07,F,JAL,Vieja Filipinas,programador,2024-12-05
398,María Elena,Casillas,1969-04-15,F,YUC,San Estela de la Montaña,electricista,2020-02-07
399,Carmen,Calderón,1992-10-15,F,CDMX,Vieja Líbano,contador,2021-09-23
400,Víctor,Peralta,1982-03-05,M,QRO,Nueva Islandia,comerciante,2024-09-05
401,Samuel,Marroquín,1977-10-13,M,SON,Nueva Omán,agricultor,2023-06-24
402,Porfirio,Robles,1984-11-03,M,BCS,San Víctor los bajos,ingeniero,2021-10-14
403,Alejandra,Bustamante,1979-07-04,F,COL,San Juana los bajos,arquitecto,2021-03-26
404,Gerardo,Galván,1970-07-20,M,SON,San Bernardo de la Montaña,farmaceutico,2020-07-20
405,Horacio,Saldaña,1977-07-13,M,COL,San Salvador los altos,obrero,2019-12-12
406,Abraham,Cardenas,1975-08-10,M,NAY,San Gustavo los bajos,servidor_publico,2019-12-23
407,Itzel,Padrón,1983-03-08,F,AGS,San Bernabé los bajos,medico,2024-01-25
408,Amador,Vargas,1960-06-10,M,OAX,Vieja República Checa,electricista,2022-08-04
409,Fabiola,Benavides,1958-06-20,F,MEX,San Juana los bajos,electricista,2024-01-15
410,Nayeli,Lemus,1973-05-12,F,BCS,Nueva Botswana,mecanico,2024-01-17
411,Julio César,Niño,1960-08-01,M,CDMX,San Mariana los bajos,agricultor,2021-11-05
412,David,Farías,1983-04-29,M,CHIS,San Jaqueline de la Montaña,profesor,2019-03-01
413,Alonso,Arellano,1960-03-08,M,CDMX,Vieja Nauru,chofer,2019-08-18
414,Rafaél,Reyes,1956-08-23,M,GTO,Nueva Islandia,electricista,2022-11-29
415,Vicente,Matos,1967-09-18,M,GRO,Vieja Santo Tomé y Príncipe,medico,2020-06-19
416,Isaac,Villaseñor,1963-01-06,M,CDMX,San Judith los altos,empresario,2024-07-30
417,Nadia,Saiz,1993-07-20,F,CHIS,San Guillermina de la Montaña,mecanico,2019-03-12
418,Ivonne,Meraz,1955-04-23,F,NL,Vieja República Popular Democrática de Corea,abogado,2019-04-22
419,Iván,Amador,1956-01-08,M,QROO,San Raúl los altos,electricista,2020-03-12
420,Santiago,Vélez,1990-03-12,M,ZAC,Nueva República Popular Democrática de Corea,enfermero,2023-02-25
421,Octavio,de la Rosa,1952-03-18,M,GTO,San Ignacio los altos,chofer,2020-04-05
422,Germán,Aparicio,1996-07-02,M,SIN,Nueva Angola,agricultor,2019-07-09
423,Luz,Martínez,1958-05-22,F,MEX,San Israel los bajos,estudiante,2023-10-23
424,Vanesa,Figueroa,1974-03-22,F,HGO,San Jaqueline los altos,estudiante,2020-09-27
425,María Eugenia,Bañuelos,1969-07-07,F,CHIH,Nueva República de Macedonia del Norte,agricultor,2023-10-09
426,Helena,Romo,1965-10-08,F,CHIS,San Zeferino de la Montaña,contador,2020-04-20
427,María Cristina,Tejada,1992-06-17,F,GRO,San María del Carmen los bajos,agricultor,2019-03-10
428,Teresa,Jaime,1970-01-22,F,NL,San Juan Carlos de la Montaña,chofer,2021-08-21
429,Homero,Valdez,1995-06-07,M,HGO,San Mauricio los bajos,mecanico,2023-10-25
430,Fabiola,Franco,1966-03-04,F,NAY,San Abril los bajos,arquitecto,2020-08-16
431,Jos,Valencia,1972-08-30,M,MOR,San Samuel de la Montaña,programador,2020-09-30
432,Salvador,Tórrez,1965-10-02,M,HGO,San Citlali los bajos,servidor_publico,2024-10-27
433,Carolina,López,1954-09-06,F,PUE,Vieja Tuvalu,contador,2020-11-01
434,Angélica,Montemayor,1969-02-06,F,NAY,San Trinidad los bajos,profesor,2024-03-07
435,María Luisa,Gallegos,1987-01-17,F,SON,Vieja República de Macedonia del Norte,comerciante,2022-03-13
436,Victoria,Jurado,1995-06-20,F,PUE,Nueva Santo Tomé y Príncipe,agricultor,2020-02-02
437,Patricia,Grijalva,1952-08-15,F,HGO,Nueva Suriname,mecanico,2022-12-10
438,Raúl,Gastélum,1995-04-16,M,AGS,Nueva Brasil,agricultor,2024-07-12
439,Lilia,Menéndez,1951-12-08,F,NAY,San Felipe los altos,programador,2024-08-13
440,Darío,Adame,1951-05-07,M,TAB,Vieja Sudán,actuario,2021-01-05
441,Nicolás,Romero,1974-05-10,M,AGS,Vieja Irlanda,arquitecto,2020-03-21
442,Fabiola,Bahena,1988-07-27,F,TLAX,Nueva Portugal,servidor_publico,2024-08-14
443,Zoé,Archuleta,1968-04-25,F,COL,Vieja Dinamarca,agricultor,2024-02-09
444,Alta  Gracia,Osorio,1957-11-29,F,MEX,San José Manuél los altos,farmaceutico,2021-08-10
445,Humberto,Archuleta,1976-04-26,M,YUC,Vieja República Democrática del Congo,estudiante,2020-06-11
446,Raquel,Carbajal,1991-12-13,F,NL,San Rufino los bajos,contador,2024-02-10
447,Sara,Tórrez,1993-01-18,F,CHIS,San Gustavo los altos,obrero,2022-06-24
448,Miguel Ángel,Laboy,1989-10-04,M,NAY,Nueva Islas Marshall,arquitecto,2022-01-12
449,Citlali,Reynoso,1998-02-21,F,JAL,San José Manuél de la Montaña,empresario,2023-05-18
450,Ilse,Lucero,1968-03-01,F,CHIH,Nueva Santa Lucía,chofer,2019-10-08
451,Sandra,Palomino,1988-12-18,F,DGO,San Laura los bajos,veterinario,2020-04-29
452,Araceli,Pacheco,1964-12-03,F,BC,Nueva Chile,electricista,2023-05-21
453,María Luisa,Mejía,1975-07-14,F,PUE,Nueva Georgia,arquitecto,2022-01-15
454,Judith,Gracia,1958-01-18,F,HGO,San Renato los bajos,programador,2022-10-05
455,Gabriela,Verduzco,1980-05-06,F,MEX,Vieja Sudán,ingeniero,2019-10-26
456,Isabela,Gracia,1975-08-15,F,CHIH,Nueva Myanmar,profesor,2024-08-03
457,Georgina,Crespo,1959-04-12,F,CHIS,San Josefina los altos,servidor_publico,2021-12-15
458,Gloria,Carvajal,1996-06-08,F,SIN,San Barbara los altos,chofer,2020-03-11
459,Francisco,Gaona,1997-10-06,M,OAX,Vieja Comoras,medico,2020-06-21
460,María,Zelaya,1992-09-20,F,JAL,San Débora los altos,empresario,2024-04-22
461,Roberto,Rodríguez,1971-02-27,M,MICH,Nueva Tayikistán,ingeniero,2021-03-09
462,Teodoro,Bonilla,1998-09-13,M,BC,San Lourdes los altos,estudiante,2021-11-14
463,José Eduardo,Bernal,1984-08-10,M,VER,Nueva República Centroafricana,servidor_publico,2022-04-09
464,Patricio,Fierro,1952-04-03,M,TAB,Nueva Islandia,mecanico,2020-11-12
465,Miriam,Quintanilla,1955-10-20,F,TAB,Nueva Ucrania,medico,2020-09-11
466,Paola,Sáenz,1957-09-03,F,VER,Vieja Bahrein,enfermero,2023-05-02
467,María,Centeno,1977-11-01,F,JAL,San Eva los altos,obrero,2023-04-01
468,Ana Luisa,Valdivia,1953-02-19,F,GTO,San Yolanda los bajos,estudiante,2020-01-13
469,Zoé,Alonzo,1959-04-27,F,YUC,San Pedro de la Montaña,comerciante,2022-01-30
470,Flavio,Véliz,1954-08-31,M,PUE,Nueva Mali,electricista,2023-01-17
471,Inés,Barela,1990-09-10,F,TAB,Nueva Namibia,estudiante,2019-10-06
472,Alejandro,Llamas,1996-03-30,M,SIN,San José Eduardo de la Montaña,abogado,2022-10-04
473,Luis Miguel,Noriega,1976-10-07,M,VER,San Estela los bajos,enfermero,2021-04-30
474,José María,Blanco,1997-08-20,M,MEX,Vieja Cabo Verde,actuario,2021-08-17
475,Ernesto,Terrazas,1972-05-25,M,GRO,San Lourdes de la Montaña,obrero,2024-03-05
476,Francisco Javier,Acosta,1969-03-21,M,CAM,Vieja Mozambique,medico,2019-09-08
477,Tania,Tovar,1988-03-27,F,VER,San Luisa los bajos,chofer,2023-05-08
478,Elisa,Gutiérrez,1980-01-11,F,CHIH,San Anabel de la Montaña,ingeniero,2019-07-10
479,Esther,Esparza,1960-02-16,F,CDMX,Nueva Suecia,estudiante,2020-09-11
480,Luis Miguel,Alemán,1975-04-21,M,YUC,Nueva Belarús,mecanico,2022-12-27
481,Bruno,Villegas,1961-08-15,M,CHIH,Vieja Saint Kitts y Nevis,ingeniero,2022-05-19
482,Tania,Arriaga,1953-02-23,F,NAY,Nueva Lituania,contador,2019-11-22
483,Mario,González,1994-09-24,M,NL,Nueva Chile,enfermero,2020-07-25
484,Martha,Longoria,1959-12-07,F,NL,Vieja República Dominicana,veterinario,2022-01-17
485,Pilar,Mayorga,1992-05-12,F,GTO,Vieja China,mecanico,2022-10-01
486,Ramiro,García,1954-06-26,M,JAL,San Timoteo los bajos,profesor,2021-10-31
487,Ana María,Valdés,1996-05-10,F,QROO,Vieja República de Corea,obrero,2024-02-05
488,Oswaldo,Arreola,1976-07-06,M,GTO,San Sofía los altos,contador,2021-07-16
489,Juan,Sosa,1982-01-12,M,JAL,San Delia los bajos,programador,2020-01-17
490,Catalina,Macías,1961-03-30,F,CDMX,San José Luis los altos,actuario,2023-08-10
491,María José,Guajardo,1995-12-01,F,CHIH,Vieja Turquía,contador,2023-07-31
492,Carmen,Rivas,1974-06-01,F,MEX,Vieja Malawi,enfermero,2022-03-10
493,Noelia,Tamayo,1971-06-07,F,MEX,Vieja Finlandia,estudiante,2020-08-29
494,Esparta,Figueroa,1973-06-14,F,CAM,San Sonia de la Montaña,chofer,2024-07-13
495,Margarita,Nevárez,1979-01-31,F,NL,Nueva Bahamas,profesor,2020-06-11
496,Estela,Ocasio,1952-07-15,F,MEX,Nueva Ecuador,estudiante,2022-08-03
497,Sergio,Valdivia,1993-12-17,M,BCS,Vieja Eslovaquia,arquitecto,2020-09-11
498,Hilda,Madrigal,1990-04-24,F,SLP,Nueva Ecuador,empresario,2023-04-27
499,Bianca,Roque,1971-01-06,F,TAMS,Nueva Liechtenstein,empresario,2021-09-26
500,Elvia,Urías,1980-12-13,F,OAX,San Rubén los bajos,servidor_publico,2020-10-23
